,Hepatitis_withoutdupl_norm_05_v01,Hepatitis_withoutdupl_norm_05_v02,Hepatitis_withoutdupl_norm_05_v03,Hepatitis_withoutdupl_norm_05_v04,Hepatitis_withoutdupl_norm_05_v05,Hepatitis_withoutdupl_norm_05_v06,Hepatitis_withoutdupl_norm_05_v07,Hepatitis_withoutdupl_norm_05_v08,Hepatitis_withoutdupl_norm_05_v09,Hepatitis_withoutdupl_norm_05_v10,Parkinson_withoutdupl_norm_05_v01,Parkinson_withoutdupl_norm_05_v02,Parkinson_withoutdupl_norm_05_v03,Parkinson_withoutdupl_norm_05_v04,Parkinson_withoutdupl_norm_05_v05,Parkinson_withoutdupl_norm_05_v06,Parkinson_withoutdupl_norm_05_v07,Parkinson_withoutdupl_norm_05_v08,Parkinson_withoutdupl_norm_05_v09,Parkinson_withoutdupl_norm_05_v10,WBC_withoutdupl_norm_v01,WBC_withoutdupl_norm_v02,WBC_withoutdupl_norm_v03,WBC_withoutdupl_norm_v04,WBC_withoutdupl_norm_v05,WBC_withoutdupl_norm_v06,WBC_withoutdupl_norm_v07,WBC_withoutdupl_norm_v08,WBC_withoutdupl_norm_v09,WBC_withoutdupl_norm_v10,Lymphography_withoutdupl_norm_1ofn,Lymphography_withoutdupl_norm_idf,Wilt_withoutdupl_norm_05
Difficulty,3.2962962962962963,3.925925925925926,3.851851851851852,3.037037037037037,4.888888888888889,6.296296296296297,5.074074074074074,5.148148148148148,4.703703703703703,3.814814814814815,1.3888888888888888,1.0,1.0555555555555556,5.611111111111111,3.5,1.6666666666666667,3.888888888888889,6.777777777777778,2.2777777777777777,1.5555555555555556,1.2666666666666666,1.3777777777777778,1.1333333333333333,1.2222222222222223,1.1777777777777778,1.2222222222222223,1.3111111111111111,1.3777777777777778,1.9777777777777776,1.1111111111111112,1.0740740740740742,1.0555555555555556,7.45179420665802
Diversity,1.6101529717988263,1.4344382763731176,1.5921618711262724,1.077262190536962,1.5608375930152203,2.0286020648339487,2.026572447452512,2.1659542988464366,2.652741419180738,2.325383281828483,0.2939723678960656,0.0,0.2222222222222222,3.4138425546082707,2.788866755113585,0.955813918560292,2.784436463587037,3.233696046856722,0.9162456945817024,0.4969039949999533,0.2766644355108607,0.2277100170213244,0.1721325931647741,0.2330686329267003,0.2533723166886973,0.1405456737852613,0.3548604316149181,0.6721992649890745,0.693888666488711,0.0993807989999906,0.2484519974999766,0.1924500897298752,2.4479007126173817
IREOS_index,,,,,,,,,,,,,,,,,,,,,0.4844879208385348,0.5928138983736851,0.6481142363791874,0.5988873013401869,0.4637957693552449,0.5743866445802056,0.5345312356005651,0.6235605025891539,0.5704776042308207,0.5981338823758198,,,
